{"type":"Sprite","props":{"zOrder":-1,"y":0,"x":0,"texture":"res/ColumnSprite.png","presetID":1,"name":"column","isPresetRoot":true},"compId":45,"child":[{"type":"Script","props":{"y":0,"x":85,"width":86,"presetID":2,"height":1024,"runtime":"laya.physics.BoxCollider"},"compId":46},{"type":"Script","props":{"type":"kinematic","presetID":3,"runtime":"laya.physics.RigidBody"},"compId":47},{"type":"Script","props":{"presetID":4,"runtime":"scripts/AutoMove.js"},"compId":48},{"type":"Script","props":{"presetID":5,"runtime":"scripts/Column.js"},"compId":49}],"loadList":["res/ColumnSprite.png"],"loadList3D":[]}