{"type":"Scene","props":{"width":1920,"height":1080},"compId":2,"child":[{"type":"Sprite","props":{"zOrder":-2,"y":0,"x":0,"texture":"res/SkyTileSprite.png","name":"bg1"},"compId":6,"child":[{"type":"Script","props":{"type":"kinematic","runtime":"laya.physics.RigidBody"},"compId":12},{"type":"Script","props":{"moveSpeed":10,"runtime":"scripts/AutoMove.js"},"compId":16},{"type":"Script","props":{"runtime":"scripts/RepeatingBg.js"},"compId":20}]},{"type":"Sprite","props":{"zOrder":-2,"y":0,"x":2048,"texture":"res/SkyTileSprite.png","name":"bg2"},"compId":10,"child":[{"type":"Script","props":{"type":"kinematic","runtime":"laya.physics.RigidBody"},"compId":13},{"type":"Script","props":{"moveSpeed":10,"runtime":"scripts/AutoMove.js"},"compId":17},{"type":"Script","props":{"runtime":"scripts/RepeatingBg.js"},"compId":21}]},{"type":"Sprite","props":{"y":568,"x":0,"texture":"res/GrassThinSprite.png","name":"ground1"},"compId":7,"child":[{"type":"Script","props":{"type":"kinematic","runtime":"laya.physics.RigidBody"},"compId":14},{"type":"Script","props":{"moveSpeed":10,"runtime":"scripts/AutoMove.js"},"compId":18},{"type":"Script","props":{"runtime":"scripts/RepeatingBg.js"},"compId":22},{"type":"Script","props":{"y":265,"x":0,"width":2048,"height":247,"runtime":"laya.physics.BoxCollider"},"compId":30}]},{"type":"Sprite","props":{"y":568,"x":2048,"texture":"res/GrassThinSprite.png","name":"ground2"},"compId":11,"child":[{"type":"Script","props":{"type":"kinematic","runtime":"laya.physics.RigidBody"},"compId":15},{"type":"Script","props":{"moveSpeed":10,"runtime":"scripts/AutoMove.js"},"compId":19},{"type":"Script","props":{"runtime":"scripts/RepeatingBg.js"},"compId":23},{"type":"Script","props":{"y":265,"x":0,"width":2048,"height":247,"runtime":"laya.physics.BoxCollider"},"compId":29}]},{"type":"Animation","props":{"zOrder":1,"y":402,"x":300,"source":"Bird.ani","name":"Bird","autoPlay":true},"compId":37,"child":[{"type":"Script","props":{"y":-30,"x":-56,"width":93,"height":63,"runtime":"laya.physics.BoxCollider"},"compId":38},{"type":"Script","props":{"gravityScale":2,"runtime":"laya.physics.RigidBody"},"compId":39},{"type":"Script","props":{"force":-10,"runtime":"scripts/BirdCtrl.js"},"compId":40}]},{"type":"Sprite","props":{"width":2048,"name":"TopCollider","height":1},"compId":41,"child":[{"type":"Script","props":{"type":"static","runtime":"laya.physics.RigidBody"},"compId":43},{"type":"Script","props":{"points":"0,0,2048,0","runtime":"laya.physics.ChainCollider"},"compId":44}]},{"type":"Script","props":{"columnPre":"@Prefab:prefab/column.prefab","runtime":"scripts/ColumnSpawn.js"},"compId":49},{"type":"Sprite","props":{"zOrder":-1,"name":"ColumnParent"},"compId":54},{"type":"Sprite","props":{"zOrder":2,"name":"UI"},"compId":61,"child":[{"type":"Text","props":{"y":0,"x":33,"width":443,"valign":"middle","text":"Score:0","name":"txt_Score","height":134,"fontSize":80,"color":"#000000","align":"left","runtime":"laya.display.Text"},"compId":62},{"type":"Script","props":{"txt_Start":"@node:72","txt_Score":"@node:62","rankPanel":"@node:68","gameoverPanel":"@node:64","runtime":"scripts/UICtrl.js"},"compId":63},{"type":"Image","props":{"y":0,"x":-1,"width":1920,"skin":"res/black.png","name":"gameoverPanel","height":1080},"compId":64,"child":[{"type":"Text","props":{"y":232,"x":520.5,"width":879,"valign":"middle","text":"GAMEOVER","height":240,"fontSize":130,"color":"#ff0400","align":"center","runtime":"laya.display.Text"},"compId":65},{"type":"Button","props":{"y":540,"x":800,"width":320,"stateNum":3,"skin":"comp/button.png","name":"btn_Rank","labelStrokeColor":"#2800ff","labelStroke":2,"labelSize":60,"labelFont":"Helvetica","labelColors":"#00ffb7,#2800ff","label":"排行榜","height":103},"compId":66},{"type":"Button","props":{"y":703,"x":800,"width":320,"stateNum":3,"skin":"comp/button.png","name":"btn_Again","labelStrokeColor":"#2800ff","labelStroke":2,"labelSize":60,"labelFont":"Helvetica","labelColors":"#00ffb7,#2800ff","label":"再来一局","height":103},"compId":67}]},{"type":"Dialog","props":{"y":227,"x":661.5,"name":"rankPanel"},"compId":68,"child":[{"type":"Image","props":{"y":0,"x":0,"width":598,"skin":"comp/img_bg.png","sizeGrid":"68,69,40,81","height":627},"compId":69},{"type":"Button","props":{"y":8,"x":545,"width":42,"skin":"comp/btn_close.png","name":"close","height":42},"compId":70},{"type":"Text","props":{"y":80,"x":0,"width":598,"valign":"middle","text":"1 - 100","name":"txt_Rank","height":547,"fontSize":150,"color":"#0084ff","align":"center","runtime":"laya.display.Text"},"compId":71}]},{"type":"Text","props":{"y":880,"x":240.5,"width":1449,"valign":"middle","text":"点击开始游戏","name":"txt_Start","height":134,"fontSize":80,"color":"#00ff1e","bold":true,"align":"center","runtime":"laya.display.Text"},"compId":72}]}],"loadList":["res/SkyTileSprite.png","res/GrassThinSprite.png","Bird.ani","prefab/column.prefab","res/black.png","comp/button.png","comp/img_bg.png","comp/btn_close.png"],"loadList3D":[]}